tanggal,tahun,bulan,minggu,nama_kota,total_recoveries,total_deaths,total_cases,recovery_rate,mortality_rate
2021-01-02,2021,January,1,JAKARTA BARAT,25107,744,156234,0.160701255808595,0.00476208763777411
2021-01-02,2021,January,1,JAKARTA PUSAT,17175,498,106952,0.160586057296731,0.00465629441244671
2021-01-02,2021,January,1,JAKARTA SELATAN,27878,649,179973,0.154901012929717,0.00360609647002606
2021-01-02,2021,January,1,JAKARTA TIMUR,34420,802,205418,0.16756077851016,0.00390423429300256
2021-01-02,2021,January,1,JAKARTA UTARA,18627,447,119491,0.15588621737202,0.00374086751303445
2021-01-02,2021,January,1,KEPULAUAN SERIBU,141,4,2299,0.0613310134841235,0.00173988690735102
2021-01-09,2021,January,2,JAKARTA BARAT,27546,786,164586,0.167365389522803,0.0047756188254165
2021-01-09,2021,January,2,JAKARTA PUSAT,18356,509,110597,0.165971952222936,0.00460229481812346
2021-01-09,2021,January,2,JAKARTA SELATAN,30234,676,187437,0.161302197538373,0.00360654513249785
2021-01-09,2021,January,2,JAKARTA TIMUR,37869,848,215322,0.175871485496141,0.00393828777365991
2021-01-09,2021,January,2,JAKARTA UTARA,20069,463,123743,0.162182911356602,0.00374162578893352
2021-01-09,2021,January,2,KEPULAUAN SERIBU,170,4,2354,0.0722175021240442,0.00169923534409516
2021-01-16,2021,January,3,JAKARTA BARAT,30372,849,196001,0.154958393069423,0.00433161055300738
2021-01-16,2021,January,3,JAKARTA PUSAT,19774,526,130466,0.151564392255454,0.00403170174604878
2021-01-16,2021,January,3,JAKARTA SELATAN,33803,735,229141,0.147520522298497,0.00320763198205472
2021-01-16,2021,January,3,JAKARTA TIMUR,42431,925,245995,0.172487245675725,0.00376023902924856
2021-01-16,2021,January,3,JAKARTA UTARA,21863,488,154603,0.141413814738394,0.00315647173728841
2021-01-16,2021,January,3,KEPULAUAN SERIBU,221,4,4550,0.0485714285714286,0.000879120879120879
2021-01-23,2021,January,4,JAKARTA BARAT,33900,889,207214,0.163598984624591,0.00429025065873927
2021-01-23,2021,January,4,JAKARTA PUSAT,21804,550,137145,0.158985015859127,0.00401035400488534
2021-01-23,2021,January,4,JAKARTA SELATAN,38215,792,244323,0.156411799134752,0.00324161049103032
2021-01-23,2021,January,4,JAKARTA TIMUR,48028,996,265367,0.180987085809464,0.00375329260985729
2021-01-23,2021,January,4,JAKARTA UTARA,24452,517,163421,0.149625813083998,0.00316360810422161
2021-01-23,2021,January,4,KEPULAUAN SERIBU,256,5,4775,0.0536125654450262,0.00104712041884817
2021-01-30,2021,January,5,JAKARTA BARAT,36872,942,221550,0.166427443015121,0.00425186188219364
2021-01-30,2021,January,5,JAKARTA PUSAT,23459,584,146809,0.159792655763611,0.00397795775463357
2021-01-30,2021,January,5,JAKARTA SELATAN,42180,859,261874,0.161069827474282,0.00328020345662418
2021-01-30,2021,January,5,JAKARTA TIMUR,52368,1074,282234,0.185548162163311,0.00380535300495334
2021-01-30,2021,January,5,JAKARTA UTARA,26586,537,174688,0.152191335409416,0.00307405202418025
2021-01-30,2021,January,5,KEPULAUAN SERIBU,302,6,5221,0.0578433250335185,0.00114920513311626
2021-02-06,2021,February,1,JAKARTA BARAT,41077,1004,236177,0.173924641264814,0.00425104900138455
2021-02-06,2021,February,1,JAKARTA PUSAT,25895,609,155095,0.166962184467584,0.00392662561655759
2021-02-06,2021,February,1,JAKARTA SELATAN,47328,921,278691,0.169822491576692,0.00330473535205658
2021-02-06,2021,February,1,JAKARTA TIMUR,57671,1162,301752,0.191120522813436,0.0038508444020255
2021-02-06,2021,February,1,JAKARTA UTARA,29275,574,186430,0.157029448050207,0.00307890360993402
2021-02-06,2021,February,1,KEPULAUAN SERIBU,446,6,5356,0.0832710978342046,0.00112023898431665
2021-02-13,2021,February,2,JAKARTA BARAT,45712,1056,251576,0.181702547142812,0.00419753871593475
2021-02-13,2021,February,2,JAKARTA PUSAT,28841,642,165724,0.174030315464266,0.0038739108397094
2021-02-13,2021,February,2,JAKARTA SELATAN,53425,990,298293,0.179102426138059,0.00331888445253492
2021-02-13,2021,February,2,JAKARTA TIMUR,65836,1262,328408,0.200470146890453,0.003842780931037
2021-02-13,2021,February,2,JAKARTA UTARA,33011,616,198122,0.166619557646299,0.00310919534428282
2021-02-13,2021,February,2,KEPULAUAN SERIBU,480,6,5434,0.0883327199116673,0.00110415899889584
2021-02-20,2021,February,3,JAKARTA BARAT,49091,1099,259234,0.189369449994985,0.00423941303995618
2021-02-20,2021,February,3,JAKARTA PUSAT,30859,678,170778,0.18069657684245,0.00397006640199557
2021-02-20,2021,February,3,JAKARTA SELATAN,57520,1055,310803,0.185068998690489,0.00339443312966735
2021-02-20,2021,February,3,JAKARTA TIMUR,70799,1349,343720,0.20597870359595,0.00392470615617363
2021-02-20,2021,February,3,JAKARTA UTARA,35444,648,204779,0.173084154136899,0.00316438697327363
2021-02-20,2021,February,3,KEPULAUAN SERIBU,489,7,5720,0.0854895104895105,0.00122377622377622
2021-02-27,2021,February,4,JAKARTA BARAT,51780,1159,271877,0.190453771374555,0.00426295714606237
2021-02-27,2021,February,4,JAKARTA PUSAT,32195,705,178899,0.179961877931123,0.00394077104958664
2021-02-27,2021,February,4,JAKARTA SELATAN,61108,1129,328113,0.186240715850942,0.00344088774294222
2021-02-27,2021,February,4,JAKARTA TIMUR,74772,1446,363088,0.205933547790067,0.00398250561847266
2021-02-27,2021,February,4,JAKARTA UTARA,37095,685,213782,0.17351788270294,0.00320419866967284
2021-02-27,2021,February,4,KEPULAUAN SERIBU,495,9,5799,0.0853595447490947,0.00155199172271081
2021-03-06,2021,March,1,JAKARTA BARAT,54095,1207,282533,0.191464359915479,0.00427206733372739
2021-03-06,2021,March,1,JAKARTA PUSAT,33412,730,185597,0.180024461602289,0.00393325323146387
2021-03-06,2021,March,1,JAKARTA SELATAN,63980,1214,342203,0.186965047062708,0.00354760186205264
2021-03-06,2021,March,1,JAKARTA TIMUR,78769,1541,378290,0.208223849427688,0.00407359433239049
2021-03-06,2021,March,1,JAKARTA UTARA,38694,724,221039,0.1750550807776,0.00327544008070974
2021-03-06,2021,March,1,KEPULAUAN SERIBU,517,10,6008,0.086051930758988,0.00166444740346205
2021-03-13,2021,March,2,JAKARTA BARAT,55810,1250,291905,0.191192339973622,0.00428221510422912
2021-03-13,2021,March,2,JAKARTA PUSAT,34300,762,192217,0.17844415426315,0.00396426954951955
2021-03-13,2021,March,2,JAKARTA SELATAN,66270,1271,354949,0.186702878441692,0.00358079611437136
2021-03-13,2021,March,2,JAKARTA TIMUR,81268,1611,394369,0.206070963995649,0.00408500668155966
2021-03-13,2021,March,2,JAKARTA UTARA,39882,759,227414,0.175371788896022,0.00333752539421496
2021-03-13,2021,March,2,KEPULAUAN SERIBU,521,10,6086,0.0856063095629313,0.00164311534669734
2021-03-20,2021,March,3,JAKARTA BARAT,57429,1277,301112,0.190723053216079,0.00424094689019368
2021-03-20,2021,March,3,JAKARTA PUSAT,35326,776,199063,0.177461406690344,0.00389826336385968
2021-03-20,2021,March,3,JAKARTA SELATAN,68594,1303,367648,0.186575202367482,0.00354415092697363
2021-03-20,2021,March,3,JAKARTA TIMUR,84042,1669,410187,0.204887039325966,0.00406887590294183
2021-03-20,2021,March,3,JAKARTA UTARA,41194,775,234081,0.175981818259491,0.00331081975897232
2021-03-20,2021,March,3,KEPULAUAN SERIBU,527,10,6132,0.0859425962165688,0.00163078930202218
2021-03-27,2021,March,4,JAKARTA BARAT,58818,1292,311202,0.189002641371199,0.00415164426963837
2021-03-27,2021,March,4,JAKARTA PUSAT,36202,788,207204,0.174716704310728,0.00380301538580336
2021-03-27,2021,March,4,JAKARTA SELATAN,70490,1345,383134,0.183982627488033,0.00351052112315796
2021-03-27,2021,March,4,JAKARTA TIMUR,86974,1707,425840,0.204241029494646,0.00400854781138456
2021-03-27,2021,March,4,JAKARTA UTARA,42128,801,243076,0.173312050552091,0.00329526567822409
2021-03-27,2021,March,4,KEPULAUAN SERIBU,530,10,6229,0.0850858885856478,0.00160539412425751
2021-04-03,2021,April,1,JAKARTA BARAT,60314,1303,321070,0.187853116142897,0.00405830504251409
2021-04-03,2021,April,1,JAKARTA PUSAT,36949,795,214462,0.172286931950649,0.00370695041545822
2021-04-03,2021,April,1,JAKARTA SELATAN,72289,1363,398219,0.181530765734433,0.00342273974873123
2021-04-03,2021,April,1,JAKARTA TIMUR,89218,1732,438480,0.203471081919358,0.00395000912242292
2021-04-03,2021,April,1,JAKARTA UTARA,43135,813,251260,0.171674759213564,0.00323569211175675
2021-04-03,2021,April,1,KEPULAUAN SERIBU,537,10,6280,0.0855095541401274,0.00159235668789809
2021-04-10,2021,April,2,JAKARTA BARAT,61307,1317,327446,0.187227817716509,0.00402203722140445
2021-04-10,2021,April,2,JAKARTA PUSAT,37505,805,220501,0.170089931564936,0.00365077709398143
2021-04-10,2021,April,2,JAKARTA SELATAN,73438,1377,409681,0.179256543505801,0.00336115172536681
2021-04-10,2021,April,2,JAKARTA TIMUR,90393,1761,447270,0.202099403045141,0.00393721912938494
2021-04-10,2021,April,2,JAKARTA UTARA,43873,820,258083,0.169995699058055,0.00317727242786235
2021-04-10,2021,April,2,KEPULAUAN SERIBU,538,10,6312,0.085234474017744,0.00158428390367554
2021-04-17,2021,April,3,JAKARTA BARAT,62436,1334,334678,0.186555435373702,0.00398592079551091
2021-04-17,2021,April,3,JAKARTA PUSAT,38170,816,227484,0.167792020537708,0.00358706546394472
2021-04-17,2021,April,3,JAKARTA SELATAN,74899,1394,420861,0.177966121831198,0.00331225749119068
2021-04-17,2021,April,3,JAKARTA TIMUR,92209,1785,457260,0.201655513274723,0.00390368718016008
2021-04-17,2021,April,3,JAKARTA UTARA,44859,831,266333,0.168432000540677,0.00312015409280863
2021-04-17,2021,April,3,KEPULAUAN SERIBU,540,10,6363,0.0848656294200849,0.00157158573000157
2021-04-24,2021,April,4,JAKARTA BARAT,63367,1354,341405,0.185606537689841,0.00396596417744321
2021-04-24,2021,April,4,JAKARTA PUSAT,38704,828,233721,0.165599154547516,0.00354268550964612
2021-04-24,2021,April,4,JAKARTA SELATAN,76159,1420,431098,0.176662846962872,0.00329391460874326
2021-04-24,2021,April,4,JAKARTA TIMUR,93647,1817,466957,0.200547373741051,0.00389115057703386
2021-04-24,2021,April,4,JAKARTA UTARA,45628,841,274692,0.166106038763415,0.0030616108223028
2021-04-24,2021,April,4,KEPULAUAN SERIBU,541,10,6452,0.0838499690018599,0.00154990700557967
2021-05-01,2021,May,1,JAKARTA BARAT,64253,1381,347550,0.184874118831823,0.00397352898863473
2021-05-01,2021,May,1,JAKARTA PUSAT,39192,844,239335,0.163753734305471,0.00352643783817661
2021-05-01,2021,May,1,JAKARTA SELATAN,77471,1437,440473,0.17588138205974,0.00326240200874969
2021-05-01,2021,May,1,JAKARTA TIMUR,95010,1855,477104,0.199138971796506,0.00388804118179684
2021-05-01,2021,May,1,JAKARTA UTARA,46243,861,283555,0.163082999770768,0.00303644795542311
2021-05-01,2021,May,1,KEPULAUAN SERIBU,546,10,6528,0.0836397058823529,0.00153186274509804
2021-05-08,2021,May,2,JAKARTA BARAT,65035,1397,356931,0.182206084649414,0.0039139217383752
2021-05-08,2021,May,2,JAKARTA PUSAT,39596,860,248448,0.159373390005152,0.00346148892323545
2021-05-08,2021,May,2,JAKARTA SELATAN,78504,1479,454022,0.172907920761549,0.00325755139618785
2021-05-08,2021,May,2,JAKARTA TIMUR,96130,1898,488823,0.196656049326648,0.00388279602228209
2021-05-08,2021,May,2,JAKARTA UTARA,46956,886,294376,0.159510286164633,0.00300975623012746
2021-05-08,2021,May,2,KEPULAUAN SERIBU,552,10,6592,0.0837378640776699,0.00151699029126214
2021-05-15,2021,May,3,JAKARTA BARAT,65800,1435,365257,0.180147129281574,0.00392874058539604
2021-05-15,2021,May,3,JAKARTA PUSAT,39947,888,253464,0.157604235710002,0.0035034561121106
2021-05-15,2021,May,3,JAKARTA SELATAN,79502,1515,466019,0.170598194494216,0.00325094041230079
2021-05-15,2021,May,3,JAKARTA TIMUR,97231,1942,497709,0.195357126352949,0.00390187840686023
2021-05-15,2021,May,3,JAKARTA UTARA,47490,907,301797,0.157357429000288,0.00300533139825777
2021-05-15,2021,May,3,KEPULAUAN SERIBU,557,10,6618,0.0841644001208824,0.00151103052281656
2021-05-22,2021,May,4,JAKARTA BARAT,66136,1462,375018,0.176354201664987,0.00389847953964876
2021-05-22,2021,May,4,JAKARTA PUSAT,40151,898,260177,0.154321865499256,0.00345149648124162
2021-05-22,2021,May,4,JAKARTA SELATAN,79897,1554,476850,0.167551640977247,0.00325888644227745
2021-05-22,2021,May,4,JAKARTA TIMUR,97476,1979,508682,0.191624629925966,0.00389044629060985
2021-05-22,2021,May,4,JAKARTA UTARA,47694,921,311197,0.153259832196326,0.00295954009839426
2021-05-22,2021,May,4,KEPULAUAN SERIBU,564,10,6655,0.084748309541698,0.00150262960180316
2021-05-29,2021,May,5,JAKARTA BARAT,66853,1484,386389,0.17301993586774,0.00384068904653083
2021-05-29,2021,May,5,JAKARTA PUSAT,40503,913,268218,0.151007762342572,0.00340394753521389
2021-05-29,2021,May,5,JAKARTA SELATAN,80794,1577,490618,0.164678018336058,0.00321431337619084
2021-05-29,2021,May,5,JAKARTA TIMUR,98447,2017,522699,0.188343578235275,0.00385881740734151
2021-05-29,2021,May,5,JAKARTA UTARA,48322,930,323658,0.149299569298457,0.0028734034073003
2021-05-29,2021,May,5,KEPULAUAN SERIBU,561,10,6726,0.0834076717216771,0.00148676776687481
2021-06-05,2021,June,1,JAKARTA BARAT,67798,1500,396774,0.170873091482809,0.00378048964901934
2021-06-05,2021,June,1,JAKARTA PUSAT,40940,925,276437,0.148098843497795,0.00334615120262483
2021-06-05,2021,June,1,JAKARTA SELATAN,82018,1607,505460,0.162264076286947,0.00317928223796146
2021-06-05,2021,June,1,JAKARTA TIMUR,99476,2055,535460,0.185776715347552,0.00383782168602697
2021-06-05,2021,June,1,JAKARTA UTARA,48934,954,337431,0.145019278015357,0.00282724468113481
2021-06-05,2021,June,1,KEPULAUAN SERIBU,568,11,6856,0.0828471411901984,0.00160443407234539
2021-06-12,2021,June,2,JAKARTA BARAT,68970,1531,408600,0.168795888399413,0.00374694077337249
2021-06-12,2021,June,2,JAKARTA PUSAT,41541,941,284405,0.14606283293191,0.00330866194335543
2021-06-12,2021,June,2,JAKARTA SELATAN,83454,1634,520861,0.160223168945266,0.0031371133565385
2021-06-12,2021,June,2,JAKARTA TIMUR,101205,2091,549923,0.184034855788901,0.00380235051088971
2021-06-12,2021,June,2,JAKARTA UTARA,49713,974,349059,0.142420049332634,0.00279035922293939
2021-06-12,2021,June,2,KEPULAUAN SERIBU,572,11,6940,0.0824207492795389,0.0015850144092219
2021-06-19,2021,June,3,JAKARTA BARAT,71326,1606,423338,0.168484756860948,0.00379365896753894
2021-06-19,2021,June,3,JAKARTA PUSAT,42704,974,293725,0.14538769256958,0.00331602689590603
2021-06-19,2021,June,3,JAKARTA SELATAN,85662,1687,539533,0.158770640535426,0.00312677815814788
2021-06-19,2021,June,3,JAKARTA TIMUR,103828,2165,569240,0.182397582741901,0.00380331670297238
2021-06-19,2021,June,3,JAKARTA UTARA,51099,1006,361614,0.141308135193881,0.00278197193692722
2021-06-19,2021,June,3,KEPULAUAN SERIBU,574,11,7002,0.081976578120537,0.00157097972007998
2021-06-26,2021,June,4,JAKARTA BARAT,75220,1691,443735,0.169515589259355,0.00381083304224368
2021-06-26,2021,June,4,JAKARTA PUSAT,44489,1030,305415,0.145667370626852,0.00337246042270353
2021-06-26,2021,June,4,JAKARTA SELATAN,88714,1791,561868,0.157891177287192,0.00318758142481864
2021-06-26,2021,June,4,JAKARTA TIMUR,108151,2287,596912,0.181184161149382,0.00383138553086552
2021-06-26,2021,June,4,JAKARTA UTARA,53203,1070,379895,0.140046591821424,0.00281656773582174
2021-06-26,2021,June,4,KEPULAUAN SERIBU,578,11,7192,0.0803670745272525,0.00152947719688543
2021-07-03,2021,July,1,JAKARTA BARAT,81008,1789,467383,0.173322521358286,0.00382769591534138
2021-07-03,2021,July,1,JAKARTA PUSAT,47310,1079,319777,0.147946850461415,0.00337422641403228
2021-07-03,2021,July,1,JAKARTA SELATAN,94258,1872,587526,0.160432048964642,0.00318624197056811
2021-07-03,2021,July,1,JAKARTA TIMUR,115048,2417,627696,0.18328617674798,0.00385059009456807
2021-07-03,2021,July,1,JAKARTA UTARA,56917,1129,398791,0.142723882936175,0.00283105686938772
2021-07-03,2021,July,1,KEPULAUAN SERIBU,597,11,7455,0.0800804828973843,0.00147551978537894
2021-07-10,2021,July,2,JAKARTA BARAT,94325,1964,498838,0.189089443867548,0.00393714993645232
2021-07-10,2021,July,2,JAKARTA PUSAT,54705,1173,337432,0.162121553379644,0.00347625595675573
2021-07-10,2021,July,2,JAKARTA SELATAN,106435,2012,625881,0.170056288655511,0.00321466860313702
2021-07-10,2021,July,2,JAKARTA TIMUR,132275,2650,673559,0.196382202598436,0.00393432498118205
2021-07-10,2021,July,2,JAKARTA UTARA,66005,1240,427335,0.15445727590766,0.00290170475154153
2021-07-10,2021,July,2,KEPULAUAN SERIBU,642,14,7996,0.0802901450725363,0.00175087543771886
2021-07-17,2021,July,3,JAKARTA BARAT,108249,2079,536485,0.20177451373291,0.00387522484319226
2021-07-17,2021,July,3,JAKARTA PUSAT,61736,1254,358761,0.172081134794473,0.00349536320837549
2021-07-17,2021,July,3,JAKARTA SELATAN,120403,2144,674175,0.178593095264583,0.00318018318685801
2021-07-17,2021,July,3,JAKARTA TIMUR,151165,2776,726979,0.207935855093476,0.00381854221373657
2021-07-17,2021,July,3,JAKARTA UTARA,75953,1351,455485,0.16675192377356,0.00296606913509775
2021-07-17,2021,July,3,KEPULAUAN SERIBU,840,15,8425,0.0997032640949555,0.00178041543026706
2021-07-24,2021,July,4,JAKARTA BARAT,123172,2320,562313,0.219045264825818,0.00412581604906876
2021-07-24,2021,July,4,JAKARTA PUSAT,69800,1426,374924,0.186171064002304,0.00380343749666599
2021-07-24,2021,July,4,JAKARTA SELATAN,139720,2495,706365,0.197801419945779,0.00353216821331748
2021-07-24,2021,July,4,JAKARTA TIMUR,172280,3207,764957,0.225215273538251,0.00419239251356612
2021-07-24,2021,July,4,JAKARTA UTARA,86404,1542,476484,0.181336624104902,0.0032362052031128
2021-07-24,2021,July,4,KEPULAUAN SERIBU,1071,12,8637,0.124001389371309,0.00138937130948246
2021-07-31,2021,July,5,JAKARTA BARAT,136431,2504,586032,0.232804693259071,0.00427280421546946
2021-07-31,2021,July,5,JAKARTA PUSAT,77236,1537,389466,0.198312561301885,0.00394642921333313
2021-07-31,2021,July,5,JAKARTA SELATAN,157359,2718,735355,0.213990521584813,0.00369617395679638
2021-07-31,2021,July,5,JAKARTA TIMUR,193664,3536,798371,0.242573941187744,0.00442901858910206
2021-07-31,2021,July,5,JAKARTA UTARA,95522,1686,496468,0.192403135750945,0.0033959892681905
2021-07-31,2021,July,5,KEPULAUAN SERIBU,1214,16,8835,0.137408036219581,0.00181097906055461
2021-08-07,2021,August,1,JAKARTA BARAT,139477,2610,607621,0.229546049264262,0.00429544074348977
2021-08-07,2021,August,1,JAKARTA PUSAT,78890,1604,404002,0.195271310538067,0.00397027737486448
2021-08-07,2021,August,1,JAKARTA SELATAN,162253,2866,765404,0.211983475393387,0.00374442777931654
2021-08-07,2021,August,1,JAKARTA TIMUR,199241,3746,829974,0.240056917445607,0.00451339439548709
2021-08-07,2021,August,1,JAKARTA UTARA,97920,1771,519512,0.188484577834583,0.00340896841651396
2021-08-07,2021,August,1,KEPULAUAN SERIBU,1252,17,9016,0.138864241348713,0.00188553682342502
2021-08-14,2021,August,2,JAKARTA BARAT,140746,2687,624003,0.225553402788128,0.00430606904133474
2021-08-14,2021,August,2,JAKARTA PUSAT,79719,1640,414732,0.192218107114956,0.00395436088847738
2021-08-14,2021,August,2,JAKARTA SELATAN,164288,2970,786981,0.208757263517162,0.00377391576162576
2021-08-14,2021,August,2,JAKARTA TIMUR,201727,3862,852713,0.236570804010259,0.00452907367426086
2021-08-14,2021,August,2,JAKARTA UTARA,98911,1818,533390,0.185438422167645,0.00340838785879
2021-08-14,2021,August,2,KEPULAUAN SERIBU,1271,18,9148,0.138937472671622,0.00196764320069961
2021-08-21,2021,August,3,JAKARTA BARAT,141461,2738,637999,0.221726052862152,0.00429154277671282
2021-08-21,2021,August,3,JAKARTA PUSAT,80162,1666,423740,0.189177325718601,0.00393165620427621
2021-08-21,2021,August,3,JAKARTA SELATAN,165632,3056,804945,0.205768095956867,0.00379653268235718
2021-08-21,2021,August,3,JAKARTA TIMUR,203296,3945,872287,0.233060907705835,0.00452259405447978
2021-08-21,2021,August,3,JAKARTA UTARA,99566,1856,547027,0.182012953656766,0.00339288554312676
2021-08-21,2021,August,3,KEPULAUAN SERIBU,1298,19,9270,0.140021574973031,0.00204962243797195
2021-08-28,2021,August,4,JAKARTA BARAT,141983,2835,651093,0.218068693719638,0.00435421667872332
2021-08-28,2021,August,4,JAKARTA PUSAT,80499,1692,433052,0.185887607031026,0.00390715202793198
2021-08-28,2021,August,4,JAKARTA SELATAN,166548,3161,822867,0.202399658754088,0.00384144703822124
2021-08-28,2021,August,4,JAKARTA TIMUR,204397,4058,892253,0.229079644450621,0.00454803738401552
2021-08-28,2021,August,4,JAKARTA UTARA,99989,1874,560602,0.178360048661974,0.00334283502377801
2021-08-28,2021,August,4,KEPULAUAN SERIBU,1308,19,9345,0.139967897271268,0.00203317281968967
2021-09-04,2021,September,1,JAKARTA BARAT,142593,2939,664879,0.214464586789476,0.00442035317704424
2021-09-04,2021,September,1,JAKARTA PUSAT,80955,1736,441946,0.183178487869559,0.0039280817113403
2021-09-04,2021,September,1,JAKARTA SELATAN,167606,3264,840768,0.199348690720865,0.00388216487782599
2021-09-04,2021,September,1,JAKARTA TIMUR,205593,4207,911151,0.225640974986583,0.00461723687950735
2021-09-04,2021,September,1,JAKARTA UTARA,100550,1918,573276,0.175395446521396,0.00334568340554986
2021-09-04,2021,September,1,KEPULAUAN SERIBU,1311,19,9395,0.139542309739223,0.0020223523150612
2021-09-11,2021,September,2,JAKARTA BARAT,142931,2961,684245,0.20888862907292,0.00432739735036427
2021-09-11,2021,September,2,JAKARTA PUSAT,81242,1743,456266,0.178058413294,0.0038201400060491
2021-09-11,2021,September,2,JAKARTA SELATAN,168308,3285,870590,0.19332636487899,0.00377330316222332
2021-09-11,2021,September,2,JAKARTA TIMUR,206319,4246,938812,0.219766044745913,0.00452273724664789
2021-09-11,2021,September,2,JAKARTA UTARA,101061,1927,592084,0.170686929557293,0.00325460576539815
2021-09-11,2021,September,2,KEPULAUAN SERIBU,1311,19,9491,0.138130860815509,0.00200189653355811
2021-09-18,2021,September,3,JAKARTA BARAT,143215,3032,701336,0.204203120900681,0.00432317747841263
2021-09-18,2021,September,3,JAKARTA PUSAT,81457,1787,467494,0.174241808451018,0.00382250895198655
2021-09-18,2021,September,3,JAKARTA SELATAN,168845,3393,893195,0.189034869205493,0.00379872256338202
2021-09-18,2021,September,3,JAKARTA TIMUR,206796,4328,962948,0.214753029239377,0.00449453137656447
2021-09-18,2021,September,3,JAKARTA UTARA,101296,1961,607432,0.16676105308907,0.00322834490115766
2021-09-18,2021,September,3,KEPULAUAN SERIBU,1312,19,9650,0.135958549222798,0.00196891191709845
2021-09-25,2021,September,4,JAKARTA BARAT,143416,3068,722782,0.198422207525921,0.00424471002321585
2021-09-25,2021,September,4,JAKARTA PUSAT,81647,1828,480800,0.169814891846922,0.00380199667221298
2021-09-25,2021,September,4,JAKARTA SELATAN,169196,3438,921970,0.183515732616029,0.00372897165851383
2021-09-25,2021,September,4,JAKARTA TIMUR,207124,4377,993209,0.208540196474257,0.00440692744427407
2021-09-25,2021,September,4,JAKARTA UTARA,101505,1976,625386,0.162307758728209,0.00315964860102401
2021-09-25,2021,September,4,KEPULAUAN SERIBU,1312,19,9740,0.134702258726899,0.00195071868583162
2021-10-02,2021,October,1,JAKARTA BARAT,143547,3086,741344,0.193630757111408,0.00416270988906634
2021-10-02,2021,October,1,JAKARTA PUSAT,81738,1831,492677,0.165905857184322,0.00371643084617305
2021-10-02,2021,October,1,JAKARTA SELATAN,169384,3447,948288,0.178620840925963,0.00363497165418101
2021-10-02,2021,October,1,JAKARTA TIMUR,207303,4391,1020095,0.203219308005627,0.00430450105137267
2021-10-02,2021,October,1,JAKARTA UTARA,101635,1977,642060,0.158295174905772,0.00307915148116998
2021-10-02,2021,October,1,KEPULAUAN SERIBU,1313,19,9849,0.133313026703219,0.00192912986089958
2021-10-09,2021,October,2,JAKARTA BARAT,143617,3093,766308,0.187414198990484,0.00403623608261952
2021-10-09,2021,October,2,JAKARTA PUSAT,81799,1833,508697,0.16080102693745,0.00360332378606518
2021-10-09,2021,October,2,JAKARTA SELATAN,169564,3450,986028,0.171966718997838,0.00349888644135866
2021-10-09,2021,October,2,JAKARTA TIMUR,207469,4393,1057777,0.196136803882104,0.00415304927220009
2021-10-09,2021,October,2,JAKARTA UTARA,101819,1978,666351,0.152800851203045,0.0029684055400232
2021-10-09,2021,October,2,KEPULAUAN SERIBU,1316,19,10166,0.129451111548298,0.00186897501475507
2021-10-16,2021,October,3,JAKARTA BARAT,143722,3097,791137,0.181665122475627,0.00391461908620125
2021-10-16,2021,October,3,JAKARTA PUSAT,81879,1833,523960,0.156269562562028,0.00349835865333232
2021-10-16,2021,October,3,JAKARTA SELATAN,169757,3455,1020671,0.166319019546945,0.003385028084466
2021-10-16,2021,October,3,JAKARTA TIMUR,207593,4399,1092141,0.190078936694072,0.00402786819650576
2021-10-16,2021,October,3,JAKARTA UTARA,102132,1979,686826,0.148701417826349,0.00288137024515671
2021-10-16,2021,October,3,KEPULAUAN SERIBU,1323,19,10499,0.126012001142966,0.00180969616153919
2021-10-23,2021,October,4,JAKARTA BARAT,143798,3097,811882,0.177116871663616,0.00381459374638186
2021-10-23,2021,October,4,JAKARTA PUSAT,81942,1835,536071,0.152856617873379,0.00342305403575273
2021-10-23,2021,October,4,JAKARTA SELATAN,169903,3456,1049236,0.161930204453526,0.00329382522139919
2021-10-23,2021,October,4,JAKARTA TIMUR,207701,4402,1121300,0.185232319629002,0.00392580041023812
2021-10-23,2021,October,4,JAKARTA UTARA,102296,1979,707642,0.144558971909525,0.00279661184610297
2021-10-23,2021,October,4,KEPULAUAN SERIBU,1325,19,10712,0.123693054518297,0.00177371172516804
2021-10-30,2021,October,5,JAKARTA BARAT,143882,3100,832170,0.172899768076234,0.0037252003797301
2021-10-30,2021,October,5,JAKARTA PUSAT,82007,1837,548272,0.149573569323256,0.00335052674584878
2021-10-30,2021,October,5,JAKARTA SELATAN,170028,3460,1077329,0.157823654612472,0.00321164658149924
2021-10-30,2021,October,5,JAKARTA TIMUR,207836,4404,1150742,0.180610423535423,0.00382709590855292
2021-10-30,2021,October,5,JAKARTA UTARA,102459,1982,727740,0.140790666996455,0.00272350015115288
2021-10-30,2021,October,5,KEPULAUAN SERIBU,1325,19,10863,0.121973672097947,0.00174905643008377
2021-11-06,2021,November,1,JAKARTA BARAT,143942,3104,859078,0.167554052134963,0.00361317598634815
2021-11-06,2021,November,1,JAKARTA PUSAT,82049,1837,565093,0.145195569578813,0.00325079234745431
2021-11-06,2021,November,1,JAKARTA SELATAN,170134,3462,1118075,0.152166893991906,0.00309639335464973
2021-11-06,2021,November,1,JAKARTA TIMUR,207998,4405,1188060,0.175073649478983,0.00370772519906402
2021-11-06,2021,November,1,JAKARTA UTARA,102560,1982,752151,0.136355598809282,0.00263510917355691
2021-11-06,2021,November,1,KEPULAUAN SERIBU,1326,19,11225,0.118129175946548,0.00169265033407572
2021-11-13,2021,November,2,JAKARTA BARAT,144019,3105,883951,0.162926451805587,0.00351263814396952
2021-11-13,2021,November,2,JAKARTA PUSAT,82113,1837,580268,0.141508751128789,0.00316577857128086
2021-11-13,2021,November,2,JAKARTA SELATAN,170232,3462,1153343,0.147598762900542,0.00300170894521404
2021-11-13,2021,November,2,JAKARTA TIMUR,208166,4406,1220622,0.170540920940307,0.0036096350876848
2021-11-13,2021,November,2,JAKARTA UTARA,102695,1983,775041,0.132502667600811,0.00255857432058433
2021-11-13,2021,November,2,KEPULAUAN SERIBU,1328,19,11416,0.116327960756833,0.00166433076384022
2021-11-20,2021,November,3,JAKARTA BARAT,144122,3107,908521,0.158633647433576,0.003419843900141
2021-11-20,2021,November,3,JAKARTA PUSAT,82164,1839,595145,0.138057112132337,0.00309000327651245
2021-11-20,2021,November,3,JAKARTA SELATAN,170343,3464,1186869,0.14352300043223,0.00291860348530461
2021-11-20,2021,November,3,JAKARTA TIMUR,208296,4407,1254280,0.166068182542973,0.00351356953790222
2021-11-20,2021,November,3,JAKARTA UTARA,102781,1983,797494,0.128879966495046,0.00248653908367963
2021-11-20,2021,November,3,KEPULAUAN SERIBU,1328,19,11530,0.115177797051171,0.00164787510841284
2021-11-27,2021,November,4,JAKARTA BARAT,144184,3107,931654,0.154761316969605,0.00333492906164735
2021-11-27,2021,November,4,JAKARTA PUSAT,82201,1839,608559,0.135074824298055,0.00302189270062558
2021-11-27,2021,November,4,JAKARTA SELATAN,170391,3466,1218254,0.139864921436745,0.00284505530045458
2021-11-27,2021,November,4,JAKARTA TIMUR,208362,4407,1284200,0.162250428282199,0.00343170845662669
2021-11-27,2021,November,4,JAKARTA UTARA,102840,1984,818730,0.125609175185959,0.00242326530113713
2021-11-27,2021,November,4,KEPULAUAN SERIBU,1328,19,11662,0.113874121077002,0.00162922311781856
